,cmoA,cmoB,mnmA,mnmE,mnmG,mnmC,trmL,tgt,queA,queG,queH,gluQ,tilS,tadA,rpoB,rplA
t643348530,0,0,1,1,1,0,0,1,1,0,1,1,1,1,1,1
t640753057,0,0,1,1,1,0,0,1,1,0,1,1,1,0,1,1
t643348583,0,0,1,1,1,0,0,1,1,0,1,1,1,0,1,1
t640753026,0,0,1,1,1,0,0,1,1,0,1,1,1,0,1,1
t2507149014,0,0,1,1,1,0,0,1,1,0,1,1,1,0,1,1
t641228511,0,0,1,1,1,0,0,1,1,0,1,1,1,0,1,1
t2503508007,0,0,1,1,1,0,0,1,1,0,1,1,1,0,1,1
t643348584,0,0,1,1,1,0,0,1,1,0,1,1,1,0,1,1
t642487181,0,0,1,1,1,0,0,1,1,0,1,1,1,0,1,1
t2508501120,0,0,1,1,1,0,0,1,1,0,1,1,1,0,1,1
t641228500,0,0,1,1,1,0,0,1,1,0,1,1,1,0,1,1
t644736379,0,0,1,1,1,0,0,1,1,0,1,1,1,0,1,1
t2510065086,0,0,1,1,1,0,0,1,1,0,1,1,1,0,1,1
t2504756006,0,0,1,0,0,0,1,1,1,0,1,1,1,1,1,1
t643348542,0,0,1,1,1,0,1,1,1,0,1,1,1,1,1,1
t643348543,0,0,1,1,1,0,1,1,1,0,1,1,1,1,1,1
t2509601011,0,0,1,1,1,0,0,1,1,0,1,1,1,1,1,1
t2505119043,0,0,1,1,1,0,0,1,1,0,1,1,1,1,1,1
t646311961,0,0,1,1,1,0,0,1,1,0,1,1,1,1,1,1
t646564503,0,0,1,1,1,0,0,1,1,0,1,1,1,1,1,1
t646311901,0,0,1,1,1,0,1,1,1,1,0,1,1,1,1,1
t2511231106,0,0,1,1,1,0,1,1,1,0,1,1,1,1,1,1
t646311965,0,0,1,1,1,0,1,1,1,1,0,1,1,1,1,1
t646564578,0,0,1,1,1,0,1,1,1,0,1,1,1,1,1,1
t641522610,0,0,1,1,1,0,1,1,1,0,1,1,1,1,1,1
t646311904,0,0,1,0,0,0,1,1,1,0,1,1,1,1,1,1
t640069310,0,0,1,1,1,0,1,1,1,0,1,1,1,1,1,1
t650716033,0,0,1,1,1,0,1,1,1,0,1,1,1,1,1,1
t640427128,0,0,1,1,1,0,1,1,1,0,1,1,1,1,1,1
t2508501002,0,0,1,1,1,0,1,1,1,0,1,1,1,1,1,1
t644736351,0,0,1,1,1,0,1,1,1,0,1,1,1,1,1,1
t637000060,0,0,1,1,1,0,1,1,1,0,1,1,1,1,1,1
t646564577,0,0,1,1,1,0,1,1,1,0,1,1,1,1,1,1
t637000316,0,0,1,1,1,0,1,1,1,0,1,1,1,1,1,1
t637000167,0,0,1,1,1,0,1,1,1,1,0,1,1,1,1,1
t2510065016,0,0,1,1,1,0,1,1,1,0,1,1,1,1,1,1
t649633098,0,0,1,1,1,0,1,1,1,0,1,1,1,1,1,1
t2506783061,0,0,1,1,1,0,1,1,1,1,0,1,1,1,1,1
t2508501136,0,0,1,1,1,0,1,1,1,1,0,1,1,1,1,1
t2510065044,0,0,1,1,1,0,1,1,1,1,1,1,1,1,1,1
t2507149019,0,0,1,1,1,0,1,1,1,1,0,1,1,1,1,1
t2507262031,0,0,1,1,1,0,1,1,1,1,0,1,1,1,1,1
t637000093,0,0,1,1,1,0,1,1,1,1,0,1,1,1,1,1
t2507149024,0,0,1,1,1,0,1,1,1,1,0,1,1,1,1,1
t641522632,0,0,1,1,1,0,1,1,1,0,1,1,1,1,1,1
t2503508009,0,0,1,1,1,0,0,1,1,0,1,1,1,1,1,1
t637000318,0,0,1,1,1,0,1,1,1,1,0,1,1,1,1,1
t2504756058,0,0,1,1,1,0,1,1,1,1,0,1,1,1,1,1
t648028059,0,0,1,1,1,0,1,1,1,1,0,1,1,1,1,1
t646564579,0,0,1,1,1,0,1,1,1,1,0,1,1,1,1,1
t650716095,0,0,1,1,1,0,1,1,1,1,0,1,1,1,1,1
t2506783062,0,0,1,1,1,0,1,1,1,1,0,1,1,1,1,1
t648028060,0,0,1,1,1,0,1,1,1,1,0,1,1,1,1,1
t2511231204,0,0,1,1,1,0,1,1,1,1,0,1,1,1,1,1
t2511231057,0,0,1,1,1,0,1,1,1,1,0,1,1,1,1,1
t642555126,0,0,1,1,1,0,1,1,1,1,0,1,1,1,1,1
t637000079,0,0,1,1,1,0,1,1,1,1,0,1,1,1,1,1
t640753016,0,0,1,1,1,0,1,1,1,1,1,1,1,1,1,1
t642555125,0,0,1,1,1,0,1,1,1,1,0,1,1,1,1,1
t640753020,0,0,1,1,1,0,1,1,1,0,1,1,1,1,1,1
t648028017,0,0,1,1,1,0,1,1,1,1,0,1,1,1,1,1
t637000080,0,0,1,1,1,0,1,1,1,1,0,1,1,1,1,1
t641522617,0,0,1,1,1,0,1,1,1,1,1,1,1,1,1,1
t650716025,0,0,1,1,1,0,1,1,1,1,0,1,1,1,1,1
t639633021,0,0,1,1,1,0,1,1,1,1,0,1,1,1,1,1
t648028016,0,0,1,1,1,0,1,1,1,1,0,1,1,1,1,1
t651053017,0,0,1,1,1,0,1,1,1,1,1,1,1,1,1,1
t644736326,0,0,1,1,1,0,1,1,1,0,1,1,1,1,1,1
t641522627,0,0,1,1,1,0,1,1,1,0,1,1,1,1,1,1
t2511231077,0,0,1,1,1,0,1,1,1,0,1,1,1,1,1,1
t649633033,0,0,1,1,1,0,1,1,1,1,0,1,1,1,1,1
t640069308,0,0,1,1,1,0,1,1,1,1,0,1,1,1,1,1
t640753002,0,0,1,1,1,0,1,1,1,1,0,1,1,1,1,1
t641228475,0,0,1,1,1,0,1,1,1,1,0,1,1,1,1,1
t646311952,0,0,1,1,1,0,1,1,1,0,1,1,1,0,1,1
t644736384,0,0,1,1,1,0,1,1,1,0,1,1,1,0,1,1
t646311956,0,0,1,1,1,0,1,1,1,0,1,1,1,0,1,1
t649633056,0,0,1,1,1,0,1,1,1,0,1,1,1,0,1,1
t637000117,0,0,1,1,1,0,1,1,1,0,1,1,1,0,1,1
t646206252,0,0,1,1,1,0,1,1,1,0,1,1,0,0,1,1
t646564544,0,0,1,1,1,0,1,1,1,1,0,1,1,1,1,1
t639633035,0,0,1,1,1,0,1,1,1,1,0,1,1,1,1,1
t637000152,0,0,1,1,1,0,0,1,1,1,0,1,1,1,1,1
t2511231098,0,0,1,1,1,0,1,1,1,1,0,1,0,1,1,1
t2511231190,0,0,1,1,1,0,1,1,1,1,0,1,1,1,1,1
t651053042,0,0,1,1,1,0,1,1,1,1,0,1,1,1,1,1
t651053040,0,0,1,1,1,0,1,0,0,0,0,1,1,1,1,1
t639633030,0,0,1,1,1,0,1,0,0,0,0,1,1,1,1,1
t639633029,0,0,1,1,1,0,1,0,0,0,0,1,1,1,1,1
t649633062,0,0,1,1,1,0,1,0,0,0,0,1,1,1,1,1
t650716047,0,0,1,1,1,0,1,0,0,0,0,1,1,1,1,1
t641228495,0,0,1,1,1,0,1,0,0,0,0,1,1,1,1,1
t637000138,0,0,1,1,1,0,1,0,0,0,0,1,1,1,1,1
t651053037,0,0,1,1,1,0,1,0,0,0,0,1,1,1,1,1
t637000142,0,0,1,1,1,0,1,1,1,1,0,1,1,1,1,1
t644736383,0,0,1,1,1,0,1,1,1,1,0,1,1,1,1,1
t2511231185,0,0,1,1,1,0,1,1,1,1,0,1,1,1,1,1
t639633028,0,0,1,1,1,0,1,1,1,1,0,1,1,1,1,1
t648231712,0,0,1,1,1,0,1,1,1,0,1,1,1,1,1,1
t639633049,0,0,1,1,1,0,1,1,1,0,0,1,1,1,1,1
t2511231169,0,0,1,1,1,0,1,1,1,0,0,1,1,1,1,1
t644736381,0,0,1,1,1,0,1,1,1,0,0,1,1,1,1,1
t639633027,0,0,1,1,1,0,1,1,1,0,0,1,1,1,1,1
t2511231118,0,0,1,1,1,0,1,0,0,0,0,1,1,1,1,1
t650716105,0,0,0,0,0,0,1,1,1,0,0,1,1,1,1,1
t639633047,0,0,0,0,0,0,1,1,1,0,0,1,0,1,1,1
t2511231143,0,0,0,0,0,0,1,1,1,0,0,1,1,1,1,1
t646564543,0,0,0,0,0,0,1,1,1,0,0,1,1,1,1,1
t641522636,0,0,0,0,0,0,1,1,1,0,0,1,1,1,1,1
t650716048,0,0,1,1,1,0,1,1,0,0,0,1,1,1,1,1
t648231711,0,0,1,1,1,0,0,0,0,0,0,1,1,0,1,0
t646311940,0,0,1,0,1,0,1,1,1,0,1,1,1,1,1,1
t640069315,0,0,1,1,1,0,1,1,1,0,1,1,1,1,1,1
t639633031,0,0,1,1,1,0,1,1,1,0,1,1,1,1,1,1
t2511231101,0,0,1,1,1,0,1,1,1,1,1,1,1,1,1,1
t650377980,0,0,1,1,1,0,1,1,1,1,0,1,1,1,1,1
t651053074,0,0,1,1,1,0,1,1,1,1,0,1,1,1,1,1
t650716087,0,0,1,1,1,0,1,1,1,0,1,1,1,1,1,1
t650716090,0,0,1,1,1,0,1,1,1,1,0,1,1,1,1,1
t643348578,0,0,1,1,1,0,1,1,1,1,0,1,1,1,1,1
t644736406,0,0,1,1,1,0,1,1,1,1,1,1,1,1,1,1
t637000296,0,0,1,1,1,0,1,1,1,1,1,1,1,1,1,1
t2512564065,0,0,1,1,1,0,1,1,1,1,1,1,1,1,1,1
t2511231157,0,0,1,1,1,0,1,1,1,0,1,1,1,1,1,1
t643692039,0,0,1,1,1,0,1,1,1,0,1,1,1,1,1,1
t637000287,0,0,1,1,1,0,1,1,1,1,1,1,1,1,1,1
t637000288,0,0,1,1,1,0,1,1,1,1,0,1,1,1,1,1
t650716089,0,0,1,1,1,0,1,1,1,1,0,1,1,1,1,1
t650716088,0,0,1,1,1,0,1,1,1,0,1,1,1,1,1,1
t646564574,0,0,1,1,1,0,1,1,1,0,1,1,1,1,1,1
t2511231123,0,0,1,1,1,0,1,1,1,0,0,1,1,1,1,1
t2512564060,0,0,1,1,1,0,1,1,1,0,0,1,1,1,1,1
t639633061,0,0,1,1,1,0,1,1,1,0,0,1,1,1,1,1
t648028057,0,0,1,1,1,0,1,1,1,0,1,1,1,1,1,1
t640753055,0,0,1,1,1,0,1,1,1,0,1,1,1,1,1,1
t640069334,0,0,1,1,1,0,1,1,1,1,0,1,1,1,1,1
t640427147,0,0,1,1,1,0,1,1,1,1,1,1,1,1,1,1
t2511231189,0,0,1,1,1,0,1,1,1,1,1,1,1,1,1,1
t2511231211,0,0,1,1,1,0,1,1,1,0,1,1,1,1,1,1
t2511231116,0,0,1,1,1,0,1,1,1,1,0,1,1,1,1,1
t637000101,0,0,1,1,1,0,1,1,1,1,0,1,1,1,1,1
t2511231133,0,0,1,1,1,0,1,1,1,1,0,1,1,1,1,1
t650716020,0,0,1,1,1,0,1,1,1,1,0,1,1,1,1,1
t650716005,0,0,1,1,1,0,1,1,0,0,0,1,1,1,1,1
t641522637,0,0,1,1,1,0,1,1,1,1,0,1,1,1,1,1
t637000201,0,0,1,1,1,0,1,1,1,1,0,1,1,1,1,1
t643692023,0,0,1,1,1,0,1,1,1,1,0,1,1,1,1,1
t649633010,0,0,1,1,1,0,1,1,1,1,0,1,1,1,1,1
t646564509,0,0,1,1,1,0,1,1,1,1,0,1,1,1,1,1
t637000019,0,0,1,1,1,0,1,1,1,1,0,1,1,1,1,1
t637000020,0,0,1,1,1,0,1,1,1,1,0,1,1,1,1,1
t646311908,0,0,1,1,1,0,1,1,1,1,0,1,1,1,1,1
t646311929,0,0,1,1,1,0,1,1,1,1,0,1,1,1,1,0
t649633079,0,0,1,1,1,0,1,1,1,1,0,1,1,1,1,1
t2511231079,0,0,1,1,1,0,1,1,1,1,0,1,1,1,1,1
t644736396,0,0,1,1,1,0,1,1,1,1,0,1,1,1,1,1
t2508501069,0,0,1,1,1,0,1,1,1,1,0,1,1,1,1,1
t650716070,0,0,1,1,1,0,1,1,1,1,0,1,1,1,1,1
t2512564039,0,0,1,1,1,0,1,1,1,1,0,1,1,1,1,1
t643692011,0,0,1,1,1,0,1,1,1,1,0,1,1,1,1,1
t646564511,0,0,1,1,1,0,1,1,1,1,0,1,1,1,1,1
t644736325,0,0,1,1,1,0,1,1,1,1,0,1,1,1,1,1
t2511231141,0,0,1,1,1,0,1,1,1,1,0,1,1,1,1,1
t2506520047,0,0,1,1,1,0,1,1,1,1,0,1,0,1,1,1
t643348508,0,0,1,1,1,0,1,1,1,1,0,1,1,1,1,1
t650716039,0,0,1,1,1,0,1,1,1,1,0,1,1,1,1,1
t644736370,0,0,1,1,1,0,1,1,1,1,0,1,1,1,1,1
t646564535,0,0,1,1,1,0,1,1,1,1,0,1,1,1,1,1
t2511231121,0,0,1,1,1,0,1,1,1,1,0,1,1,1,1,1
t640069312,0,0,1,1,1,0,1,1,1,1,0,1,1,1,1,1
t2511231180,0,0,1,1,1,0,1,1,0,1,0,1,1,1,1,1
t2511231119,0,0,1,1,1,0,1,1,1,1,0,1,1,1,1,1
t649633008,1,0,1,1,1,0,1,1,1,1,0,1,1,1,1,1
t649633009,0,0,1,1,1,0,1,1,1,1,0,1,1,1,1,1
t649633011,0,0,1,1,1,0,1,1,1,1,0,1,1,1,1,1
t2511231173,0,0,1,1,1,0,1,1,1,1,0,1,1,1,1,1
t2511231064,0,0,1,1,1,0,1,1,1,1,0,1,1,1,1,1
t640753007,0,0,1,1,1,0,1,1,1,1,0,1,1,1,1,1
t639279304,0,0,1,1,1,0,1,1,1,1,0,1,1,1,1,1
t640753006,0,0,1,1,1,0,1,1,1,1,0,1,1,1,0,1
t643348513,0,0,1,1,1,0,1,1,1,1,0,1,1,1,1,1
t651053003,0,0,1,1,1,0,1,1,1,1,0,1,1,1,1,1
t637000016,0,0,1,1,1,0,1,1,1,1,0,1,1,1,1,1
t637000014,0,0,1,1,1,0,1,1,1,1,0,1,1,1,1,1
t637000023,0,0,1,1,1,0,1,1,1,1,0,1,1,1,1,1
t2511231081,0,0,1,1,1,0,1,1,1,1,0,1,1,1,1,1
t641228477,0,0,1,1,1,0,1,1,1,1,0,1,1,1,1,1
t2511231161,0,0,1,1,1,0,1,1,0,1,0,1,1,1,1,1
t646564507,0,0,1,1,1,0,1,1,1,1,0,1,1,1,1,1
t650716010,0,0,1,1,1,0,1,1,1,1,0,1,1,1,1,1
t643348562,0,0,1,1,1,0,1,1,1,1,0,1,1,1,1,1
t650377974,0,0,1,1,1,0,1,1,1,1,1,1,1,1,1,1
t643692037,0,0,1,1,1,0,1,1,1,1,1,1,1,1,1,1
t637000284,0,0,1,1,1,0,1,1,1,1,0,1,1,1,1,1
t642555160,0,0,1,1,1,0,1,1,1,1,1,1,1,1,1,1
t646564572,0,0,1,1,1,0,1,1,1,1,1,1,1,1,1,1
t637000282,1,0,1,1,1,0,1,1,1,1,1,1,1,1,1,1
t640753054,0,0,1,1,1,0,1,1,1,1,1,1,1,1,1,1
t2511231175,0,0,1,1,1,0,1,1,1,1,1,1,1,1,1,1
t650716036,0,0,1,1,1,0,1,1,1,0,0,1,1,1,1,1
t641522601,0,0,1,1,1,0,1,1,1,1,0,1,1,1,1,1
t642555118,0,0,1,1,1,0,0,0,0,0,0,1,1,1,1,1
t642555117,0,0,1,1,1,0,0,0,0,0,0,1,1,1,1,1
t637000202,0,0,1,1,1,0,0,0,0,0,0,1,1,1,1,1
t637000011,0,0,1,1,1,0,0,0,0,0,0,1,1,1,1,1
t637000158,0,0,1,1,1,0,1,0,0,0,0,1,1,1,1,1
t648231714,0,0,1,1,1,0,1,0,0,0,0,1,1,1,1,1
t649633074,0,0,1,1,1,0,1,0,0,0,0,1,1,1,1,1
t2511231058,0,0,1,1,1,0,1,0,0,0,0,1,1,1,1,1
t649633073,0,0,1,1,1,0,0,0,0,0,0,1,0,0,1,1
t2511231066,0,0,1,1,1,0,0,0,0,0,0,1,0,0,1,1
t650716064,0,0,1,0,0,0,0,0,0,0,0,1,0,0,1,1
t2511231073,0,0,1,0,0,0,0,0,0,0,0,1,0,0,1,1
t646862333,0,0,1,1,1,0,1,0,0,0,0,1,1,0,1,1
t2511231209,0,0,1,1,1,0,1,0,0,0,0,1,1,0,1,1
t648231715,0,0,1,1,1,0,1,0,0,0,0,1,1,0,1,1
t638341133,0,0,1,1,1,0,1,0,0,0,0,1,1,0,1,1
t643348586,0,0,1,1,1,0,1,0,0,0,0,1,1,0,1,1
t637000332,0,0,1,1,1,0,1,0,0,0,0,1,1,0,1,1
t637000182,0,0,1,1,1,0,1,0,0,0,0,1,1,0,1,1
t642555141,0,0,1,1,1,0,1,0,0,0,0,1,1,0,1,1
t646311946,0,0,1,1,1,0,1,0,0,0,0,1,1,0,1,1
t637000180,0,0,1,1,1,0,1,0,0,0,0,1,0,0,1,1
t648028044,0,0,1,1,1,0,1,0,0,0,0,1,1,0,1,1
t646564553,0,0,1,1,1,0,1,0,0,0,0,1,1,0,1,1
t650716062,0,0,1,1,1,0,1,0,0,0,0,1,1,0,1,1
t637000185,0,0,1,1,1,0,1,0,0,0,0,1,1,0,1,1
t646564554,0,0,1,1,1,0,1,0,0,0,0,1,1,0,1,1
t648028045,0,0,1,1,1,0,1,0,0,0,0,1,1,0,1,1
t2512047042,0,0,1,1,1,0,1,0,0,0,0,1,1,0,1,1
t637000179,0,0,1,1,1,0,1,0,0,0,0,1,1,0,1,1
t649633094,0,0,1,1,1,0,1,1,1,0,1,1,1,1,1,1
t649633043,0,0,1,1,1,0,1,1,1,0,1,1,1,1,1,1
t650716026,0,0,1,1,1,0,1,1,1,1,0,1,1,1,1,1
t644736366,0,0,1,1,1,0,1,1,1,0,1,1,1,1,1,1
t648028012,0,0,1,1,1,0,1,1,1,0,1,1,1,1,1,1
t650716027,0,0,1,1,1,0,1,1,1,0,1,1,1,1,1,1
t2511231128,0,0,1,1,1,0,1,1,1,0,1,1,1,1,1,1
t644736367,0,0,1,1,1,0,1,1,1,0,1,1,1,1,1,1
t648028018,0,0,1,1,1,0,1,1,1,0,1,1,1,1,1,1
t641228486,0,0,1,1,1,0,1,1,1,1,0,1,1,1,1,1
t2512047040,0,0,1,1,1,0,1,1,1,1,0,1,1,1,1,1
t649633044,0,0,1,1,1,0,1,1,1,1,0,1,1,1,1,1
t646564521,0,0,1,1,1,0,1,1,1,0,1,1,1,1,1,1
t2509276051,0,0,1,1,1,0,1,1,1,0,1,1,1,1,1,1
t643348528,0,0,1,1,1,0,1,1,1,0,1,1,1,1,1,1
t650377924,0,0,1,1,1,0,1,1,1,0,1,1,1,1,1,1
t2507262051,0,0,1,1,1,0,1,1,1,1,0,1,1,1,1,1
t640427106,0,0,1,1,1,0,1,1,1,0,1,1,1,1,1,1
t649633022,0,0,1,1,1,0,1,1,1,0,1,1,1,1,1,1
t649633024,0,0,1,1,1,0,1,1,1,0,1,1,1,1,1,1
t649633023,0,0,1,1,1,0,1,1,1,0,1,1,1,1,1,1
t649633025,0,0,1,1,1,0,1,1,1,0,1,1,1,1,1,1
t648028013,0,0,1,1,1,0,1,1,1,0,1,1,1,1,1,1
t650716094,0,0,1,1,1,0,1,1,1,1,0,1,1,1,1,1
t648028061,0,0,1,1,1,0,1,1,1,1,0,1,1,1,1,1
t649633052,0,0,1,1,1,0,1,1,1,1,0,1,1,1,1,1
t650377948,0,0,1,1,1,0,1,1,1,1,0,1,1,1,1,1
t643348557,0,0,1,1,1,0,1,1,1,1,0,1,1,1,1,1
t648028002,0,0,1,1,1,0,1,1,1,1,0,1,1,1,1,1
t642555142,0,0,1,1,1,0,1,1,1,1,0,1,1,1,1,1
t2510917010,0,0,1,0,0,0,1,0,0,0,0,1,1,1,1,1
t649633101,0,0,1,0,0,0,1,1,1,1,0,1,1,1,1,1
t637000306,0,0,1,1,1,0,0,1,1,1,0,1,1,1,1,1
t2504643006,0,0,1,1,1,0,1,1,1,1,0,1,1,1,1,1
t649633077,0,0,1,1,1,0,1,1,1,1,0,1,1,1,1,1
t646564546,0,0,1,1,1,0,1,1,1,1,0,1,1,1,1,1
t646564545,0,0,1,1,1,0,1,1,1,1,0,1,1,1,1,1
t649633105,0,0,1,1,1,0,1,1,1,1,0,1,1,1,1,1
t2505679077,0,0,1,1,1,0,1,1,1,1,0,1,0,0,1,1
t2508501045,0,0,1,1,1,0,1,1,1,1,0,1,1,1,1,1
t2511231187,0,0,1,1,1,0,1,1,1,1,0,1,1,1,1,1
t637000323,0,0,1,1,1,0,1,1,1,1,0,1,1,1,1,1
t649633034,0,0,1,1,1,0,1,1,1,1,0,1,1,1,1,1
t2509276065,0,0,1,1,1,0,1,1,1,1,0,1,1,1,1,1
t2512564069,0,0,1,1,1,0,1,1,1,1,0,1,1,1,1,1
t643692020,0,0,1,1,1,0,1,1,1,1,0,1,1,1,1,1
t637000092,0,0,1,1,1,0,1,1,1,0,0,1,1,1,1,1
t649633035,0,0,1,1,1,0,1,1,1,1,0,1,1,1,1,1
t641228488,0,0,1,1,1,0,1,1,1,1,0,1,1,1,1,1
t646564586,0,0,1,1,1,0,1,1,0,0,0,1,1,1,1,1
t637000121,0,0,1,1,1,0,1,1,1,1,0,1,1,1,1,1
t637000312,0,0,1,1,1,0,1,1,1,1,0,1,1,1,1,1
t637000313,0,0,1,1,1,0,1,1,1,1,0,1,1,1,1,1
t640427148,0,0,1,1,1,0,1,1,1,1,0,1,1,1,1,1
t637000309,0,0,1,1,1,0,1,1,1,1,0,1,1,1,1,1
t640427149,0,0,1,1,1,0,1,1,1,1,0,1,1,1,1,1
t637000314,0,0,1,1,1,0,1,1,1,1,0,1,1,1,1,1
t637000310,0,0,1,1,1,0,1,1,1,1,0,1,1,1,1,1
t637000311,0,0,1,1,1,0,1,1,1,1,0,1,1,1,1,1
t637000213,0,0,1,1,1,0,1,1,1,1,0,1,1,1,1,1
t637000214,0,0,1,1,1,0,1,1,1,1,0,1,1,1,1,1
t640069324,0,0,1,1,1,0,1,1,1,1,0,1,1,1,1,1
t640753041,0,0,1,1,1,0,1,1,1,1,0,1,1,1,1,1
t640069322,0,0,1,1,1,0,1,1,1,1,0,1,1,1,1,1
t640069321,0,0,1,1,1,0,1,1,1,1,0,1,1,1,1,1
t637000210,0,0,1,1,1,0,1,1,1,1,0,1,1,1,1,1
t640069325,0,0,1,1,1,0,1,1,1,1,0,1,1,1,1,1
t640069323,0,0,1,1,1,0,1,1,1,1,0,1,1,1,1,1
t637000308,0,0,1,1,1,0,1,1,1,1,0,1,1,1,1,1
t637000320,0,0,1,1,1,0,1,1,1,1,0,1,1,1,1,1
t643348534,0,0,1,1,1,0,1,1,1,1,0,1,1,1,1,1
t641228474,0,0,1,1,1,0,1,1,1,0,0,1,1,1,1,1
t637000329,1,1,1,1,1,0,1,1,1,1,0,1,1,1,1,1
t642555144,0,0,1,1,1,0,1,1,1,1,0,1,1,1,1,1
t646564504,0,0,1,1,1,0,1,1,1,1,0,1,1,1,1,1
t648028001,0,0,1,1,1,0,1,1,1,1,0,1,1,1,1,1
t643348535,0,0,1,1,1,0,1,1,1,1,0,1,1,1,1,1
t641522622,0,0,1,1,1,0,1,1,1,1,0,1,1,1,1,1
t641522640,0,0,1,1,1,0,1,1,1,1,0,1,1,1,1,1
t643348533,0,0,1,1,1,0,1,1,1,1,0,1,1,1,1,1
t648028021,0,0,1,1,1,0,1,1,1,1,0,1,1,1,1,1
t641522654,0,0,1,1,1,0,1,1,1,1,0,1,1,1,1,1
t637000315,0,0,1,1,1,0,1,1,1,1,0,1,1,1,1,1
t648028022,0,0,1,0,0,0,0,1,1,0,1,1,1,0,1,1
t637000090,0,0,1,0,0,0,0,1,1,0,1,1,1,0,1,1
t637000089,0,0,1,0,0,0,0,1,1,0,1,1,1,0,1,1
t646311919,0,0,1,0,0,0,0,1,1,0,1,1,1,0,1,1
t643348582,0,0,1,0,0,0,0,1,1,1,0,1,1,0,1,1
t646311953,0,0,1,1,1,0,0,1,1,1,0,1,1,1,1,1
t646311962,0,0,1,0,0,0,0,1,1,1,0,1,1,0,1,1
t2508501111,0,0,1,1,1,0,0,1,1,1,0,1,1,0,1,1
t643348527,0,0,1,1,1,0,0,1,0,0,0,1,1,0,1,1
t641228485,0,0,1,1,1,0,0,1,0,0,0,1,1,0,1,1
t640427139,0,0,1,1,1,0,0,1,0,0,0,1,1,0,1,1
t640753047,0,0,1,1,1,0,0,1,0,0,0,1,1,0,1,1
t649633005,0,0,1,0,0,0,0,0,1,1,0,1,1,0,1,1
t644736346,0,0,1,0,0,0,0,1,1,0,1,1,1,1,1,1
t650716034,0,0,1,0,0,0,1,1,1,0,1,1,0,1,1,1
t644736358,0,0,1,0,0,0,1,1,1,0,1,1,1,1,1,1
t644736405,0,0,1,0,0,0,1,1,1,0,1,1,1,1,1,1
t644736327,0,0,1,0,0,0,1,1,1,0,1,1,1,1,1,1
t648028047,0,0,1,0,0,0,0,1,1,0,1,1,1,1,1,1
t2503538010,0,0,1,0,0,0,0,1,1,0,1,1,1,1,1,1
t2506783011,0,0,1,0,0,0,0,0,0,0,0,1,1,1,1,1
t637000115,0,0,1,0,0,0,0,0,0,0,0,1,1,1,1,1
t637000116,0,0,1,0,0,0,0,1,0,0,0,1,1,1,1,1
t641228492,0,0,1,0,0,0,0,0,0,0,0,1,1,1,1,1
t649633045,0,0,1,0,0,0,0,0,0,0,0,1,1,1,1,1
t639633001,0,0,1,0,0,0,1,0,0,0,0,1,1,1,1,1
t644736331,0,0,1,0,0,0,1,1,0,0,0,1,1,1,1,1
t646311928,0,0,0,0,0,0,1,1,0,0,0,1,1,1,1,1
t649633046,0,0,0,0,0,0,1,1,0,0,0,1,1,1,1,1
t646311910,0,0,0,0,0,0,1,1,0,0,0,1,1,1,1,1
t639633010,0,0,0,0,0,0,1,1,0,0,0,1,0,1,1,1
t649633015,0,0,0,0,0,0,1,1,0,0,0,1,1,1,1,1
t651053006,0,0,0,0,0,0,1,1,0,0,0,1,1,1,1,1
t643348516,0,0,0,0,0,0,1,1,0,0,0,1,1,1,1,1
t642555107,0,0,0,0,0,0,1,1,0,0,0,1,1,1,1,1
t643348515,0,0,0,0,0,0,1,1,0,0,0,1,1,1,1,1
t2511231214,0,0,0,0,0,0,1,1,0,0,0,1,1,1,1,1
t648028043,0,0,1,0,0,0,1,1,0,0,0,1,1,1,1,1
t646564505,0,0,0,0,0,0,1,1,0,0,0,1,1,1,1,1
t643692008,0,0,1,0,0,0,1,0,0,0,0,1,1,1,1,1
t2505679016,0,0,1,0,0,0,1,0,0,0,0,1,1,1,1,1
t646564520,0,0,1,0,0,0,1,0,0,0,0,1,1,1,1,1
t646564565,0,0,1,0,0,0,1,0,0,0,0,1,1,1,1,1
t644736376,0,0,1,0,0,0,1,0,0,0,0,1,1,1,1,1
t2505679068,0,0,1,0,0,0,1,0,0,0,0,1,1,1,1,1
t646311968,0,0,1,0,0,0,1,0,0,0,0,1,1,1,1,1
t637000331,0,0,1,0,0,0,0,1,0,0,0,1,1,1,1,1
t650716057,0,0,1,0,0,0,0,0,0,0,0,1,1,1,1,1
t637000149,0,0,1,0,0,0,0,0,0,0,0,1,1,1,1,1
t640427108,0,0,1,0,0,0,0,0,0,0,0,1,1,1,1,1
t649633006,0,0,1,0,0,0,1,1,0,0,0,1,1,1,1,1
t639633006,0,0,1,0,0,0,1,1,0,0,0,1,1,1,1,1
t650377905,0,0,1,0,0,0,1,1,0,0,0,1,1,1,1,1
t643348509,0,0,1,0,0,0,1,1,0,0,0,1,1,1,1,1
t639633005,0,0,1,0,0,0,1,1,0,0,0,1,1,1,1,1
t641228502,0,0,1,0,0,0,1,1,0,0,0,1,1,1,1,1
t642555133,0,0,1,0,0,0,1,1,0,0,0,1,1,1,1,1
t649633093,0,0,1,0,0,0,1,1,0,0,0,1,1,1,1,1
t646311951,0,0,1,0,0,0,1,1,0,0,0,1,1,1,1,1
t645951813,0,0,1,0,0,0,1,1,0,0,0,1,1,1,1,1
t640753031,0,0,1,0,0,0,0,0,0,0,0,1,1,1,1,1
t644736380,0,0,1,0,0,0,0,0,0,0,0,1,1,1,1,1
t649633057,0,0,1,0,0,0,0,0,0,0,0,1,1,1,1,1
t639633046,0,0,1,0,0,0,0,0,0,0,0,1,1,1,1,1
t650716058,0,0,1,0,0,0,0,1,0,0,0,1,1,1,1,1
t651053058,0,0,1,0,0,0,0,1,0,0,0,1,1,1,1,1
t2511231095,0,0,1,0,0,0,0,1,0,0,0,1,1,1,1,1
t646311938,0,0,1,0,0,0,0,0,0,0,0,1,1,1,1,1
t644736339,0,0,1,0,0,0,0,0,0,0,0,1,1,1,1,1
t2511231086,0,0,1,0,0,0,0,0,0,0,0,1,1,1,1,1
t2511231113,0,0,1,0,0,0,0,0,0,0,0,1,1,1,1,1
t637000305,0,0,1,0,0,0,0,0,0,0,0,1,1,1,1,1
t646862346,0,0,1,0,0,0,0,0,0,0,0,1,1,1,1,1
t648276750,0,0,1,0,0,0,0,0,0,0,0,1,1,1,1,1
t641522653,0,0,1,0,0,0,0,0,0,0,0,1,1,1,1,1
t646564576,0,0,1,0,0,0,0,0,0,0,0,1,1,1,1,1
t637000304,0,0,1,0,0,0,0,0,0,0,0,1,1,1,1,1
t646564566,0,0,1,0,0,0,1,1,0,0,0,1,1,1,1,1
t643692019,0,0,1,0,0,0,1,1,0,0,0,1,1,1,1,1
t641522620,0,0,1,0,0,0,1,1,0,0,0,1,1,1,1,1
t637000085,0,0,1,0,0,0,1,1,0,0,0,1,1,1,1,1
t650716029,0,0,1,0,0,0,1,1,0,0,0,1,1,1,1,1
t2511231114,0,0,1,0,0,0,1,1,0,0,0,1,1,1,1,1
t643692018,0,0,1,0,0,0,1,1,0,0,0,1,1,0,1,1
t651053019,0,0,1,0,0,0,1,1,0,0,0,1,1,1,1,1
t2512564058,0,0,1,0,0,0,1,1,0,0,0,1,1,1,1,1
t648231703,0,0,1,0,0,0,1,1,0,0,0,1,1,1,1,1
t637000082,0,0,1,0,0,0,1,1,0,0,0,1,1,1,1,1
t2511231091,0,0,1,0,0,0,1,1,0,0,0,1,1,1,1,1
t644736345,0,0,1,0,0,0,1,1,0,0,0,1,1,1,1,1
t640427110,0,0,1,0,0,0,1,1,0,0,0,1,1,1,1,1
t650716009,0,0,1,0,0,0,1,1,0,0,0,1,1,1,1,1
t637000198,0,0,1,0,0,0,1,1,0,0,0,1,1,1,1,1
t2511231172,0,0,1,0,0,0,1,1,0,0,0,1,1,1,1,1
t649633089,0,0,1,0,0,0,1,1,0,0,0,1,1,1,1,1
t643692033,0,0,1,0,0,0,1,1,0,0,0,1,1,1,1,1
t646564564,0,0,1,0,0,0,1,1,0,0,0,1,1,1,1,1
t637000234,0,0,1,0,0,0,1,1,0,0,0,1,1,1,1,1
t646564587,0,0,1,0,0,0,1,1,0,0,0,1,1,1,1,1
t646311932,0,0,1,0,0,0,1,1,0,0,0,1,1,1,1,1
t2512564042,0,0,1,0,0,0,1,1,0,0,0,1,1,1,1,1
t2508501106,0,0,1,0,0,0,1,1,0,0,0,1,1,1,1,1
t2506783014,0,0,1,0,0,0,1,1,0,0,0,1,1,1,1,1
t649633070,0,0,1,0,0,0,1,1,0,0,0,1,1,1,1,1
t639633044,0,0,1,0,0,0,1,1,0,0,0,1,1,1,1,1
t640069320,0,0,1,0,0,0,1,1,0,0,0,1,1,1,1,1
t639633041,0,0,1,0,0,0,1,1,0,0,0,1,1,1,1,1
t650716061,0,0,1,0,0,0,1,0,0,0,0,1,1,1,1,1
t2512564050,0,0,1,0,0,0,1,0,0,0,0,1,1,1,1,1
t637000168,0,0,1,0,0,0,1,0,0,0,0,1,1,1,1,1
t643348566,0,0,1,0,0,0,1,0,0,0,0,1,1,1,1,1
t645058861,0,0,1,0,0,0,1,0,0,0,0,1,1,1,1,1
t643692028,0,0,1,0,0,0,1,0,0,0,0,1,1,1,1,1
t641736240,0,0,1,0,0,0,1,0,0,0,0,1,1,1,1,1
t641736194,0,0,1,0,0,0,1,0,0,0,0,1,1,1,1,1
t2512564073,0,0,1,0,0,0,1,0,0,0,0,1,1,1,0,1
t2511231152,0,0,1,0,0,0,1,0,0,0,0,1,1,1,1,1
t641522642,0,0,1,0,0,0,1,0,0,0,0,1,1,1,1,1
t641522641,0,0,1,0,0,0,1,1,0,0,0,1,1,1,1,1
t651053061,0,0,1,0,0,0,1,0,0,0,0,1,1,1,1,1
t640069329,0,0,1,0,0,0,1,0,0,0,0,1,1,1,1,1
t644736323,0,0,1,0,0,0,0,0,0,0,0,1,1,1,1,1
t2511231181,0,0,1,0,0,0,1,0,0,0,0,1,1,1,1,1
t644736404,0,0,1,0,0,0,1,0,0,0,0,1,1,1,1,1
t648028006,0,0,1,0,0,0,1,0,0,0,0,1,1,1,1,1
t644736393,0,0,1,0,0,0,0,1,0,0,0,1,1,1,1,1
t646311931,0,0,1,0,0,0,0,0,0,0,0,1,1,1,1,1
t646564571,0,0,1,0,0,0,0,0,0,0,0,1,1,1,1,1
t2511231151,0,0,1,0,0,0,0,0,0,0,0,1,1,1,1,1
t640427140,0,0,1,0,0,0,0,0,0,0,0,1,1,1,1,1
t641228504,0,0,1,0,0,0,0,0,0,0,0,1,1,1,1,1
t650716103,0,0,1,0,0,0,0,0,0,0,0,1,1,1,1,1
t648028042,0,0,1,0,0,0,0,0,0,0,0,1,1,1,1,1
t646564581,0,0,1,0,0,0,0,0,0,0,0,1,1,1,1,1
t646311958,0,0,1,0,0,0,0,0,0,0,0,1,1,1,1,1
t646564557,0,0,1,0,0,0,0,0,0,0,0,1,1,1,1,1
t637000319,0,0,1,0,0,0,0,0,0,0,0,1,1,1,1,1
t644736322,0,0,1,0,0,0,0,1,1,0,0,1,1,1,1,1
t646311917,0,0,1,0,0,0,0,1,0,0,0,1,1,1,1,1
t637000248,0,0,1,0,0,0,0,1,1,1,0,1,1,1,1,1
t646311948,0,0,1,1,1,0,1,1,1,1,0,1,1,1,1,1
t646564559,0,0,1,1,1,0,1,1,1,1,0,1,1,1,1,1
t649633083,0,0,1,1,1,0,1,1,1,1,0,1,1,1,1,1
t649633058,0,0,1,0,1,0,1,1,1,1,0,1,1,1,1,1
t2509601004,0,0,1,1,1,0,1,1,1,1,0,1,1,1,1,1
t650716085,0,0,1,1,1,0,1,1,0,0,0,1,1,1,1,1
t646564588,0,0,1,1,1,0,1,1,1,1,0,1,1,1,1,1
t650716071,0,0,1,1,1,0,1,1,1,1,0,1,1,1,1,1
t645951815,0,0,1,1,1,0,1,1,0,0,0,1,1,1,1,1
t650377921,0,0,1,1,1,0,1,1,0,0,0,1,1,1,1,1
t2511231082,0,0,1,1,1,0,1,1,0,0,0,1,1,1,1,1
t637000070,0,0,1,1,1,0,1,1,0,0,0,1,1,1,1,1
t650716022,0,0,1,1,1,0,1,1,0,0,0,1,1,1,1,1
t637000065,0,0,1,1,1,0,1,1,0,0,0,1,1,1,1,1
t651053015,0,0,1,1,1,0,1,1,0,0,0,1,1,1,1,1
t637000066,0,0,1,1,1,0,1,1,0,0,0,1,1,1,1,1
t637000067,0,0,1,1,1,0,1,1,0,0,0,1,1,1,1,1
t646564524,0,0,1,1,1,0,1,1,1,1,0,1,1,1,1,1
t641522643,0,0,1,1,1,0,1,1,1,1,0,1,1,1,1,1
t2510065049,0,0,1,1,1,0,1,1,1,1,0,1,1,1,1,1
t642555138,0,0,1,1,1,0,1,1,1,0,1,1,1,1,1,1
t642555104,0,0,1,1,1,0,1,1,1,1,0,1,1,1,1,1
t648028009,0,0,1,1,1,0,1,1,1,0,1,1,1,0,1,1
t646564514,0,0,1,1,1,0,1,1,1,0,1,1,1,0,1,1
t643692010,0,0,1,1,1,0,1,1,1,0,1,1,1,0,1,1
t2511231202,0,0,1,1,1,0,0,1,1,0,1,1,1,0,1,1
t643348518,0,0,1,1,1,0,0,1,1,0,0,1,1,0,1,1
t642555109,0,0,1,1,1,0,0,1,1,0,0,1,1,0,1,1
t2511231103,0,0,1,1,1,0,0,1,1,0,0,1,1,0,1,1
t643692009,0,0,1,1,1,0,0,1,1,0,0,1,1,0,1,1
t637000036,0,0,1,1,1,0,0,1,0,0,0,1,1,0,0,1
t648028053,0,0,1,1,1,0,1,1,1,1,0,1,1,0,1,1
t2506381022,0,0,1,1,1,0,1,1,1,1,0,1,1,0,1,1
t2509276057,0,0,1,1,1,0,1,1,1,1,0,1,1,0,1,1
t650716099,0,0,1,1,1,0,0,1,1,0,1,1,1,0,1,1
t650716102,0,0,1,1,1,0,0,1,1,1,1,1,1,0,1,1
t650716100,0,0,1,1,1,0,0,1,1,0,1,1,1,0,1,1
t2504557012,0,0,1,1,1,0,0,1,1,0,1,1,1,0,1,1
t637000327,0,0,1,1,1,0,0,1,1,0,1,1,1,0,1,1
t637000328,0,0,0,1,1,0,0,0,0,0,0,1,1,0,1,1
t2503904012,0,0,1,1,1,0,1,1,1,0,1,1,1,0,1,1
t650377973,0,0,1,1,1,0,1,1,1,0,1,1,1,0,1,1
t2508501070,0,0,1,1,1,0,1,1,1,0,1,1,1,0,1,1
t648028052,0,0,1,1,1,0,1,1,1,0,1,1,1,0,1,1
t2506520013,1,1,1,1,1,0,1,1,0,1,0,1,1,1,1,1
t642555137,0,0,1,1,1,0,1,1,1,1,0,1,0,0,1,1
t637000150,0,0,1,1,1,1,1,1,1,1,0,1,1,0,1,1
t2511231167,0,0,1,1,1,1,1,1,1,1,0,1,1,0,1,1
t639633033,0,0,1,1,1,1,1,1,1,1,0,1,1,0,1,1
t650377942,0,0,1,1,1,0,0,1,1,0,1,1,1,1,1,1
t643692024,0,0,1,1,1,0,1,1,1,1,0,1,1,1,1,1
t642555123,0,0,1,1,1,0,0,1,1,1,0,1,1,1,1,1
t642555149,0,0,1,1,1,0,0,1,1,1,0,1,1,1,1,1
t642555122,0,0,1,1,1,0,0,1,1,1,0,1,1,1,1,1
t637000073,0,0,1,1,1,0,0,1,1,1,0,1,1,1,1,1
t642555120,0,0,1,1,1,0,0,1,1,1,0,1,1,1,1,1
t642555121,0,0,1,1,1,0,0,1,1,1,0,1,1,1,1,1
t639633020,0,0,1,1,1,0,0,1,1,1,0,1,1,1,1,1
t640427130,0,0,1,1,1,0,0,1,1,1,0,1,1,1,1,1
t637000205,0,0,1,1,1,0,0,1,1,1,0,1,1,1,1,1
t642555146,0,0,1,1,1,0,0,1,1,1,0,1,1,1,1,1
t637000072,0,0,1,1,1,0,0,1,1,1,0,1,1,1,1,1
t2505679030,0,0,1,1,1,0,0,1,1,1,0,1,1,1,1,1
t2506485001,0,0,1,1,1,0,0,1,1,1,0,1,1,1,1,1
t646311954,0,0,1,1,1,0,0,1,1,1,0,1,1,1,1,1
t644736356,1,0,1,1,1,0,0,1,1,1,0,1,1,1,1,1
t649633063,0,0,1,1,1,0,0,1,1,1,0,1,1,1,1,1
t637000087,0,0,1,1,1,0,0,1,1,1,0,1,1,1,1,1
t642555114,0,0,1,1,1,0,0,1,1,0,0,1,1,1,1,1
t649633065,0,0,1,1,1,0,0,1,1,1,0,1,1,1,1,1
t2509276059,0,0,1,1,1,0,0,1,1,1,0,1,1,1,1,1
t2506381023,0,0,1,1,1,0,1,1,1,1,0,1,1,1,1,1
t2509276020,0,0,1,1,1,0,0,1,1,1,0,1,1,1,1,1
t2509276062,0,0,1,1,1,0,0,1,1,1,0,1,1,1,1,1
t2505679080,0,0,1,1,1,0,0,1,1,1,0,1,1,1,1,1
t644736398,0,0,1,1,1,0,0,1,1,1,0,1,1,1,1,1
t2512047036,0,0,1,1,1,0,0,1,1,0,1,1,1,1,1,1
t649633078,0,0,1,1,1,0,0,1,1,0,1,1,1,1,1,1
t2504756018,0,0,1,1,1,0,0,1,1,1,0,1,1,1,1,1
t650716072,0,0,1,1,1,0,0,1,1,1,0,1,1,1,1,1
t649633080,0,0,1,1,1,0,0,1,1,1,0,1,1,1,1,1
t643348524,0,0,1,1,1,0,0,0,1,0,0,1,1,1,1,1
t640753008,0,0,1,1,1,0,0,1,1,0,1,1,1,1,1,1
t649633013,0,0,1,1,1,0,0,1,1,0,1,1,1,1,1,1
t637000025,0,0,1,1,1,0,0,1,1,1,0,1,1,1,1,1
t637000026,0,0,1,1,1,0,0,1,1,1,0,1,1,1,1,1
t649633012,0,0,1,1,1,0,0,1,1,0,1,1,1,1,1,1
t646564560,0,0,1,1,1,0,0,1,1,0,1,1,1,1,1,1
t647533197,0,0,1,1,1,0,0,1,1,1,0,1,1,1,1,1
t648028051,0,0,1,1,1,0,0,1,1,1,0,1,1,1,1,1
t2501416924,0,0,1,1,1,0,0,1,1,1,0,1,1,1,1,1
t640753039,0,0,1,1,1,0,0,1,1,1,0,1,1,1,1,1
t2509276067,0,0,1,1,1,0,0,1,1,1,0,1,1,1,1,1
t2509601035,0,0,1,1,1,0,0,1,1,1,0,1,1,1,1,1
t2503707007,0,0,1,1,1,0,0,1,1,1,0,1,1,1,1,1
t2511231112,0,0,1,1,1,0,0,0,1,0,0,1,1,1,1,1
t2511231105,0,0,1,1,1,0,0,1,1,0,0,1,1,1,1,1
t650716011,0,0,1,1,1,0,0,1,1,0,0,1,1,1,1,1
t646311912,0,0,1,1,1,0,0,1,1,0,0,1,1,1,1,1
t2509601001,0,0,1,1,1,0,0,1,1,0,1,1,1,1,1,1
t644736368,0,0,1,1,1,0,0,1,1,1,0,1,1,1,1,1
t2512564079,0,0,1,1,1,0,0,1,1,1,0,1,1,1,1,1
t651053063,0,0,1,1,1,0,0,1,1,1,0,1,1,1,1,1
t650377986,0,0,1,1,1,0,0,1,1,1,0,1,1,1,1,1
t644736369,0,0,1,1,1,0,1,1,1,1,0,1,1,1,1,1
t640753027,0,0,1,1,1,0,1,1,1,1,0,1,1,1,1,1
t650716019,0,0,1,1,1,0,0,1,1,0,1,1,1,1,1,1
t644736338,0,0,1,1,1,0,0,1,1,0,1,1,1,1,1,1
t646311950,0,0,1,1,1,0,0,1,1,1,0,1,1,1,1,1
t648028027,0,0,1,1,1,0,1,1,1,1,0,1,1,1,1,1
t649633032,0,0,1,1,1,0,1,1,1,1,0,1,1,1,1,1
t649633031,0,0,1,1,1,0,1,1,1,1,0,1,1,1,1,1
t638341218,0,0,1,1,1,0,0,1,1,0,0,1,1,1,1,1
t650716044,0,0,1,1,1,0,1,1,1,1,0,1,1,1,1,1
t638341059,0,0,1,1,1,0,1,1,1,1,0,1,1,1,1,1
t646564591,0,0,1,1,1,0,0,1,1,1,0,1,1,1,1,1
t639633025,0,0,1,1,1,0,0,1,1,1,0,1,1,1,1,1
t2509276063,0,0,1,1,1,0,1,1,1,1,0,1,1,1,1,1
t2505679007,0,0,1,1,1,0,0,1,1,1,0,1,1,1,1,1
t2511231122,0,0,1,1,1,0,0,1,1,1,0,1,1,1,1,1
t644736340,1,0,1,1,1,0,0,1,1,1,0,1,1,1,1,1
t2506520016,1,0,1,1,1,0,0,1,1,1,0,1,1,1,1,1
t2506783006,0,0,1,1,1,0,0,1,1,1,0,1,1,1,1,1
t2504756004,0,0,1,1,1,0,0,1,1,1,0,1,1,1,1,1
t2512564032,0,0,1,1,1,0,0,1,1,1,0,1,1,1,1,1
t646311949,0,0,1,1,1,0,0,1,1,1,0,1,1,1,1,1
t2505679078,0,0,1,1,1,0,0,1,1,1,0,1,1,1,1,1
t637000250,0,0,1,1,1,0,0,0,1,0,0,1,1,1,1,1
t642555172,0,0,1,1,1,0,0,0,0,0,0,1,1,1,1,1
t642555127,0,0,1,1,1,0,1,1,1,0,1,1,1,1,1,1
t643348581,0,0,1,1,1,0,0,1,1,0,1,1,1,1,1,1
t646564527,0,0,1,1,1,0,1,1,1,0,1,1,1,1,1,1
t649633026,0,0,1,1,1,0,1,1,1,0,1,1,1,1,1,1
t2505679008,0,0,1,1,1,0,1,1,1,0,1,1,1,1,1,1
t649633038,0,0,1,1,1,0,1,1,1,0,1,1,1,1,1,1
t2512564091,0,0,1,1,1,0,1,1,1,0,1,1,1,0,1,1
t2504136000,0,0,1,1,1,0,1,1,1,0,1,1,1,0,1,1
t643692029,1,1,1,1,1,0,1,1,1,0,1,1,1,0,1,1
t637000326,1,1,1,1,1,0,1,1,1,0,1,1,1,1,1,1
t648028058,1,1,1,1,1,0,1,1,1,0,1,1,1,0,1,1
t649633097,1,1,1,1,1,0,1,1,1,0,1,1,1,1,1,1
t649633076,1,1,1,1,1,0,1,1,1,0,1,1,1,1,1,1
t640753056,1,1,1,1,1,0,1,1,1,0,1,1,1,1,1,1
t640753010,1,1,1,1,1,1,1,1,1,0,1,1,1,0,1,1
t640753009,1,1,1,1,1,1,1,1,1,0,1,1,1,0,1,1
t640753011,1,1,1,1,1,1,1,1,1,0,1,1,1,0,0,1
t639633016,1,1,1,1,1,1,1,1,1,0,1,1,1,0,1,1
t643692014,1,1,1,1,1,1,1,1,1,0,1,1,1,0,1,1
t649633027,1,1,1,1,1,1,1,1,1,0,1,1,1,0,1,1
t640753012,1,1,1,1,1,1,1,1,1,0,1,1,1,0,0,1
t646311960,1,1,1,0,1,0,1,1,1,0,1,1,1,1,1,1
t2506783064,1,1,1,1,1,0,1,1,1,0,1,1,1,1,1,1
t646564506,1,1,1,1,1,0,1,1,1,0,1,1,1,1,1,1
t2511231182,1,1,1,1,1,0,1,1,1,0,1,1,1,0,1,1
t2511231177,1,1,1,1,1,0,1,1,1,0,1,1,1,0,1,1
t640753004,1,1,1,1,1,0,1,1,1,0,1,1,1,0,1,1
t646564537,1,1,1,1,1,0,1,1,1,0,1,1,1,0,1,1
t649633054,1,1,1,1,1,0,0,1,1,0,1,1,1,0,1,1
t646862330,1,1,1,1,1,0,0,1,1,0,1,1,1,0,1,1
t646862329,1,1,1,1,0,0,0,1,1,0,1,1,1,0,1,1
t643348559,1,1,1,1,1,0,0,1,1,0,1,1,1,0,1,1
t648028032,1,1,1,1,1,0,0,1,1,0,1,1,1,0,1,1
t643348558,1,1,1,1,1,0,0,1,1,0,1,1,1,0,1,1
t637000130,1,1,1,1,1,0,0,1,1,0,1,1,1,0,1,1
t650377952,1,1,1,1,1,0,0,1,1,0,1,1,1,0,1,1
t651053030,1,1,1,1,1,0,0,1,1,0,1,1,1,0,1,1
t2511231147,1,1,1,1,1,0,0,1,1,0,1,1,1,0,1,1
t2512564071,1,0,1,1,1,0,0,1,1,0,1,1,1,0,1,1
t2511231139,1,1,1,1,1,0,0,1,1,0,1,1,1,0,1,1
t637000131,1,1,1,1,1,0,1,1,1,0,1,1,1,0,1,1
t640753037,1,1,1,1,1,0,1,1,1,0,1,1,1,0,1,1
t649633104,0,0,1,1,1,0,0,1,1,0,1,1,1,1,1,1
t649633039,0,0,1,1,1,0,0,1,1,0,1,1,1,1,1,1
t637000010,0,0,1,1,1,0,0,1,1,0,1,1,1,1,1,1
t642555132,0,0,1,1,1,0,0,1,1,0,1,1,1,1,1,1
t2507262044,0,0,1,1,1,0,0,1,1,0,1,1,1,1,1,1
t650377953,0,0,1,1,1,0,0,1,1,0,1,1,1,1,1,1
t646564582,0,0,1,1,1,0,0,1,1,0,1,1,1,1,1,1
t643692050,0,0,1,1,1,0,0,1,1,0,1,1,1,1,1,1
t642555165,0,0,1,1,1,0,0,1,1,0,1,1,1,1,1,1
t643692030,0,0,1,1,1,0,0,1,1,0,1,1,1,1,1,1
t649633030,0,0,1,1,1,0,1,1,1,1,0,1,1,1,1,1
t2512047033,0,0,1,1,1,0,1,1,1,1,0,1,1,1,1,1
t639633060,0,0,1,1,1,0,0,1,1,1,0,1,1,1,1,1
t637000001,0,0,1,1,1,0,0,1,1,1,0,1,1,1,1,1
t643692001,0,0,1,1,1,0,0,1,1,1,0,1,0,1,1,1
t649633002,0,0,1,1,1,0,0,1,1,1,0,1,1,1,1,1
t2510461070,0,0,1,1,1,0,0,1,1,1,0,1,1,1,1,1
t649633100,0,0,1,1,1,0,0,1,1,1,0,1,1,1,1,1
t637000204,1,1,1,1,1,0,1,1,1,0,1,1,1,1,1,1
t642555130,1,1,1,1,1,0,1,1,1,0,1,1,1,1,1,1
t639633050,0,0,1,1,1,0,1,1,1,0,1,1,1,1,1,1
t637000120,0,0,1,1,1,0,1,1,1,0,1,1,1,1,1,1
t637000119,1,1,1,1,1,0,1,1,1,1,1,1,1,1,1,1
t643348554,0,0,1,1,1,0,1,1,1,0,1,1,1,1,1,1
t640427115,0,0,1,1,1,0,1,1,1,0,1,1,1,1,1,1
t642555129,1,1,1,1,1,0,1,1,1,0,1,1,1,1,1,1
t649633049,1,1,1,1,1,0,1,1,1,0,1,1,1,1,1,1
t644736349,0,0,1,1,1,0,1,1,1,0,1,1,1,1,1,1
t644736350,0,0,1,1,1,0,1,1,1,0,1,1,1,1,1,1
t637000096,0,0,1,1,1,0,1,1,1,0,1,1,1,1,1,1
t643348539,0,0,1,1,1,0,1,1,1,0,1,1,1,1,1,1
t637000145,0,0,1,1,1,0,1,1,1,0,1,1,1,1,1,1
t643348538,0,0,1,1,1,0,1,1,1,0,1,1,1,1,1,1
t644736352,0,0,1,1,1,0,1,1,1,0,1,1,1,1,1,1
t649633037,0,0,1,1,1,0,1,1,1,0,1,1,1,1,1,1
t644736353,0,0,1,1,1,0,1,1,1,0,1,1,1,1,1,1
t646564528,1,1,1,1,1,0,1,1,1,0,1,1,1,1,1,1
t637000094,1,1,1,1,1,0,1,1,1,0,1,1,1,1,1,1
t649633036,1,1,1,1,1,0,1,1,1,0,1,1,1,1,1,1
t2503692001,0,0,1,1,1,0,0,1,1,1,1,1,1,1,1,1
t643692021,1,1,1,1,1,0,0,1,1,1,1,1,1,1,1,1
t639633063,0,0,1,1,1,0,1,1,1,0,1,1,1,1,1,1
t648028023,0,0,1,1,1,0,0,1,1,0,1,1,1,1,1,1
t637000317,0,0,1,1,1,0,0,1,1,0,1,1,1,1,1,1
t2509601019,0,0,1,1,1,0,1,1,1,0,1,1,1,1,1,1
t2504136006,0,0,1,1,1,0,0,1,1,0,1,1,1,1,1,1
t2505119042,0,0,1,1,1,0,0,1,1,0,1,1,1,1,1,1
t641228509,0,0,1,0,0,0,1,1,1,1,0,1,1,1,1,1
t646311933,0,0,1,1,1,0,0,1,1,1,0,1,1,1,1,1
t2512564078,0,0,1,1,1,0,1,1,1,1,0,1,1,1,1,1
t637000186,0,0,1,1,1,0,1,1,1,1,0,1,1,1,1,1
t650716065,0,0,1,1,1,0,1,1,1,1,0,1,1,1,1,1
t649633096,0,0,1,1,1,0,1,1,1,1,0,1,1,1,1,1
t640753003,0,0,1,0,0,0,0,1,1,1,0,1,1,1,1,1
t642555106,0,0,1,0,0,0,0,1,1,1,0,1,1,1,1,1
t645058727,0,0,1,1,1,0,1,1,1,0,1,1,1,1,1,1
t642555101,0,0,1,1,1,0,1,1,1,0,1,1,1,1,1,1
t2510436001,0,0,1,1,1,0,1,1,1,0,1,1,1,1,1,1
t646311935,1,1,1,1,1,1,1,1,1,1,0,1,1,1,1,1
t639633019,1,1,1,1,1,0,1,0,0,0,0,1,1,1,1,1
t640427107,0,0,1,1,1,0,0,1,1,0,1,1,1,1,1,1
t637000325,1,1,1,1,1,1,1,1,1,1,0,1,1,1,1,1
t2505679009,1,1,1,1,1,0,1,1,1,1,0,1,1,1,1,1
t2506783063,1,1,1,1,1,0,1,1,1,1,0,1,1,1,1,1
t644736377,1,1,1,1,1,1,1,1,1,1,0,1,1,1,1,1
t648028026,1,1,1,1,1,1,1,1,1,1,0,1,1,1,1,1
t643348575,1,1,1,1,1,1,1,1,1,1,0,1,1,1,1,1
t641522648,1,1,1,1,1,1,1,1,1,1,0,1,1,1,1,1
t641228508,1,1,1,1,1,1,1,1,1,1,0,1,1,1,1,1
t641522649,1,1,1,1,1,1,1,0,1,1,0,1,1,1,1,1
t640753050,1,1,1,1,1,1,1,1,1,1,0,1,1,1,1,1
t646564568,1,1,1,1,1,1,1,1,1,1,0,1,1,1,1,1
t637000258,1,1,1,1,1,1,1,1,1,1,0,1,1,1,1,1
t637000259,1,1,1,1,1,1,1,1,1,1,0,1,1,1,1,1
t640069330,1,1,1,1,1,1,1,1,1,1,0,1,1,1,1,1
t639633059,1,1,1,1,1,1,1,1,1,1,0,1,1,1,1,1
t2510436004,1,1,1,1,1,1,1,1,1,1,0,1,1,1,1,1
t639633052,1,1,1,1,1,1,1,1,1,1,0,1,1,1,1,1
t643348506,1,1,1,1,1,1,1,1,1,1,0,1,1,1,1,1
t637000334,1,1,1,1,1,1,1,1,1,1,0,1,1,1,1,1
t643348587,1,1,1,1,1,1,1,1,1,1,0,1,1,1,1,1
t640753058,1,1,1,1,1,1,1,1,1,1,0,1,1,1,1,1
t646311966,1,1,1,1,1,1,1,1,1,1,0,1,1,1,1,1
t637000335,1,1,1,1,1,1,1,1,1,1,0,1,1,1,1,1
t649633107,1,1,1,1,1,1,1,1,1,1,0,1,1,1,1,1
t2511231129,1,1,1,1,1,1,1,1,1,1,0,1,1,1,1,1
t650716104,1,1,1,1,1,1,1,1,1,1,0,1,1,1,1,1
t650377984,1,1,1,1,1,1,1,1,1,1,0,1,1,1,1,1
t651053078,1,1,1,1,1,1,1,1,1,1,0,1,1,1,0,1
t643692054,1,1,1,1,1,1,1,1,1,1,0,1,1,1,1,1
t2511231085,1,1,1,1,1,1,1,1,1,1,0,1,1,1,1,1
t650716038,1,1,1,1,1,1,1,1,1,0,1,1,1,1,1,1
t2512564074,1,1,1,1,1,1,1,1,1,0,1,1,1,1,1,1
t637000203,1,1,1,1,1,1,1,1,1,0,1,1,1,1,1,1
t640427117,1,1,1,1,1,1,1,1,1,0,0,1,1,1,1,1
t640427116,1,1,0,1,1,1,1,1,1,0,1,1,1,1,1,1
t650377947,1,1,1,1,1,1,1,1,1,0,1,1,1,1,1,1
t2511231110,1,1,1,1,1,1,1,1,1,0,1,0,1,1,1,1
t644736324,1,1,1,1,1,1,1,1,1,0,1,1,1,1,1,1
t637000156,1,1,1,1,1,1,1,1,1,0,1,1,1,1,1,1
t640753001,1,1,1,1,1,1,1,1,1,0,1,1,1,1,1,1
t643348556,1,1,1,1,1,1,1,1,1,0,1,1,1,1,1,1
t637000124,1,1,1,1,1,1,1,1,1,0,1,1,1,1,1,1
t640069302,1,1,1,1,1,1,1,1,1,0,1,1,1,1,1,1
t641522630,1,1,1,1,1,1,1,1,1,0,1,1,1,1,1,1
t646564589,1,1,1,1,1,1,1,1,1,1,1,1,1,1,1,1
t637000207,1,1,1,1,1,1,1,1,1,1,1,1,1,1,1,1
t642555150,1,1,1,1,1,1,1,1,1,1,0,1,1,1,1,1
t650716106,1,1,1,1,1,1,1,1,1,1,0,1,1,1,1,1
t646862350,1,1,1,1,1,1,1,1,1,1,0,1,1,1,1,1
t2511231145,1,1,1,1,1,1,1,1,1,1,0,1,1,1,1,1
t649633088,1,1,1,1,1,1,1,1,1,1,1,1,1,1,1,1
t2511231072,1,1,1,1,1,0,0,1,1,0,0,1,1,1,1,1
t640753048,1,1,1,1,1,1,1,1,1,1,1,1,1,1,1,1
t646311921,1,1,1,1,1,1,1,1,1,1,0,1,1,1,1,1
t644736357,1,1,1,1,1,1,1,1,1,1,0,1,1,1,1,1
t646311920,1,1,1,1,1,1,1,1,1,1,1,1,1,1,1,1
t648028024,1,1,1,1,1,1,1,1,1,1,1,1,1,1,1,1
t646311947,1,1,1,1,1,1,1,1,1,1,1,1,1,1,1,1
t637000102,1,1,1,1,1,1,1,1,1,1,1,1,1,1,1,1
t644736397,1,1,1,1,1,1,1,1,1,1,1,1,1,1,1,1
t649633081,1,1,1,1,1,1,1,1,1,1,1,1,1,1,1,1
t651324086,1,1,1,1,1,1,1,1,1,1,1,1,1,1,1,1
t2511231160,1,1,1,1,1,1,1,1,1,1,1,1,1,1,1,1
t651053056,1,1,1,1,1,1,1,1,1,1,1,1,1,1,1,1
t648028049,1,1,1,1,1,1,1,1,1,1,1,1,1,1,1,1
t649633042,1,1,1,1,1,1,1,1,1,1,1,1,1,1,1,1
t646564532,1,1,1,1,1,1,1,1,1,0,1,1,1,1,1,1
t640753022,1,1,1,1,1,1,1,1,1,1,1,1,1,1,1,1
t640427113,1,1,1,1,1,1,1,1,1,1,0,1,1,1,1,1
t646564529,1,1,1,1,1,1,1,1,1,1,1,1,1,1,1,1
t649633041,1,1,1,1,1,1,1,1,1,1,0,1,1,1,1,1
t650716035,1,1,1,1,1,1,1,1,1,1,1,1,1,1,1,1
t651053036,1,1,1,1,1,1,1,1,1,1,0,1,1,1,1,1
t646311937,1,1,1,1,1,1,1,1,1,1,0,1,1,1,1,1
t646311913,1,1,1,1,1,1,1,1,1,1,0,1,1,1,1,1
t643692022,1,1,1,1,1,1,1,1,1,1,0,1,1,1,1,1
t640427142,1,1,1,1,1,1,1,1,1,1,0,1,1,1,1,1
t651053021,1,1,1,1,1,1,1,1,1,1,0,1,1,1,1,1
t637000109,1,1,1,1,1,1,1,1,1,1,0,1,1,1,1,1
t2512047041,1,1,1,1,1,1,1,1,1,1,1,1,1,1,1,1
t2512564066,1,1,1,1,1,1,1,1,1,1,0,1,1,1,1,1
t2511231218,1,1,1,1,1,1,1,1,1,0,0,1,1,1,1,1
t2511231164,1,1,1,1,1,1,1,1,1,1,0,1,1,1,1,1
t2506520035,1,1,1,1,1,1,1,1,1,1,1,1,1,1,1,1
t2511231124,1,1,1,1,1,1,1,1,1,1,0,1,1,1,1,1
t2511231199,1,1,1,1,1,1,1,1,1,1,0,1,1,1,1,1
t2511231170,1,1,1,1,1,1,1,1,1,1,0,1,1,1,1,1
t637000265,1,1,1,1,1,1,1,1,1,1,1,1,0,1,1,1
t650716084,1,1,1,1,1,1,1,1,1,1,0,1,1,1,1,1
t642555156,1,1,1,1,1,1,1,1,1,1,0,1,1,1,1,1
t642555155,1,1,1,1,1,1,1,1,1,1,0,1,1,1,1,1
t640753015,1,1,1,1,1,1,1,1,1,1,1,1,1,1,1,1
t649633028,0,0,1,1,1,0,0,1,0,0,0,1,1,1,1,1
t637000056,0,0,1,1,1,0,0,1,1,0,0,1,1,1,1,1
t637000057,0,0,1,1,1,0,0,1,0,0,0,1,1,1,1,1
t639633012,0,0,1,1,1,0,0,0,0,0,0,1,1,1,1,1
t650716012,0,0,1,1,1,0,0,0,0,0,0,1,1,1,1,1
t643348521,0,0,1,1,1,0,0,0,0,0,0,1,1,1,1,1
t637000045,0,0,1,1,1,0,0,1,1,0,0,1,1,1,1,1
t2511231158,0,0,1,1,1,0,0,1,0,0,0,1,1,1,1,1
t2511231206,0,0,1,1,1,0,0,1,0,0,0,1,1,1,1,1
t650377916,0,0,1,1,1,0,0,1,0,0,0,1,1,1,1,1
t2511231135,0,0,1,1,1,0,0,0,0,0,0,1,1,1,1,1
t637000338,0,0,1,1,1,0,0,0,0,0,0,1,1,1,1,1
t646564517,1,1,1,1,1,0,0,0,0,0,0,1,1,1,1,1
t637000029,0,0,1,1,1,0,0,1,1,0,0,1,1,1,1,1
t650716016,0,0,1,1,1,0,0,1,1,0,0,1,1,1,1,1
t637000270,1,1,1,1,1,0,1,1,1,0,1,1,1,1,1,1
t2512047035,1,1,1,1,1,1,1,1,1,1,0,1,1,1,1,1
t643692052,1,1,1,1,1,1,1,1,1,1,0,1,1,1,1,1
t641522605,1,1,1,1,1,1,1,1,1,1,0,1,1,1,1,1
t650716006,1,1,1,1,1,1,1,1,1,1,0,1,1,1,1,1
t639633004,1,1,1,1,1,1,1,1,1,1,0,1,1,1,1,1
t637000136,1,1,1,1,1,1,1,1,1,0,1,1,1,1,1,1
t637000216,1,1,1,1,1,1,1,1,1,1,0,1,1,1,1,1
t2511231080,1,1,1,1,1,1,1,1,1,1,0,1,1,1,1,1
t2504136012,1,1,1,1,1,1,1,1,1,1,0,1,1,1,1,1
t642555105,1,1,1,1,1,1,1,1,1,1,0,1,1,1,1,1
t637000081,1,1,1,1,1,1,1,1,1,1,0,1,1,1,1,1
t637000217,1,1,1,1,1,1,1,1,1,1,0,1,1,1,1,1
t649633085,1,1,1,1,1,1,1,1,1,1,0,1,1,1,1,1
t637000002,0,0,1,1,1,1,1,1,1,1,1,1,1,1,1,1
t2511231155,0,0,1,1,1,1,1,1,1,1,1,1,0,1,1,1
t650377903,0,0,1,1,1,1,1,1,1,1,1,1,1,1,1,1
t648028004,0,0,1,1,1,1,1,1,1,1,1,1,1,1,1,1
t642555102,0,0,1,1,1,1,1,1,1,1,1,1,1,1,1,1
t640069301,0,0,1,1,1,1,1,1,1,1,1,1,1,1,1,1
t637000226,1,1,1,1,1,1,1,1,1,1,0,1,1,1,1,1
t637000227,1,1,1,1,1,1,1,1,1,1,0,1,1,1,1,1
t640427134,1,1,1,1,1,1,1,1,1,1,0,1,1,1,1,1
t2511231104,1,1,1,1,1,1,1,1,1,1,0,1,1,1,1,1
t637000004,1,1,1,1,1,0,1,1,1,1,0,1,1,1,1,1
t640753033,0,0,1,1,1,1,1,1,1,1,0,1,1,1,1,1
t2506210002,0,0,1,1,1,1,1,1,1,1,0,1,1,1,1,1
t2506210003,0,0,1,1,1,1,1,1,1,1,0,1,1,1,1,1
t637000128,1,1,1,1,1,1,1,1,1,1,0,1,1,1,1,1
t639633037,1,1,1,1,1,1,1,1,1,1,0,1,1,1,1,1
t650377991,1,1,1,1,1,1,0,1,1,1,0,1,1,1,1,1
t648028030,1,1,1,1,1,1,1,1,1,1,0,1,1,1,1,1
t637000075,1,1,1,1,1,1,1,1,1,1,0,1,1,1,1,1
t2507149015,1,1,1,1,1,1,1,1,1,1,0,1,1,1,1,1
t640427133,1,1,1,1,1,1,1,1,1,1,0,1,1,1,1,1
t640427131,1,1,1,1,1,1,1,1,1,1,0,1,1,1,1,1
t650716075,1,1,1,1,1,1,1,1,1,1,0,1,1,1,1,1
t637000219,1,1,1,1,1,1,1,1,1,1,0,1,1,1,1,1
t641522646,1,1,1,1,1,1,1,1,1,1,0,1,1,1,1,1
t641522645,1,1,1,1,1,1,1,1,1,1,0,1,1,1,1,1
t640427132,1,1,1,1,1,1,1,1,1,1,0,1,1,1,1,1
t650716076,1,1,1,1,1,1,1,1,1,1,0,1,1,1,1,1
t637000224,1,1,1,1,1,1,1,1,1,1,0,1,1,1,1,1
t637000223,1,1,1,1,1,1,1,1,1,1,0,1,1,1,1,1
t2505679082,1,1,1,1,1,1,1,1,1,1,0,1,1,1,1,1
t2511231156,1,1,1,1,1,1,1,1,1,1,0,1,1,1,1,1
t637000220,1,1,1,1,1,1,1,1,1,1,0,1,1,1,1,1
t649633086,1,1,1,1,1,1,1,1,1,1,0,1,1,1,1,1
t637000221,1,1,1,1,1,1,1,1,1,1,0,1,1,1,1,1
t650716074,1,1,1,1,1,1,1,1,1,1,0,1,1,1,1,1
t639279310,1,1,1,1,1,1,1,1,1,1,0,1,1,1,1,1
t2511231183,1,1,1,1,1,0,1,1,1,1,0,1,1,1,1,1
t643692004,1,1,1,1,1,1,1,1,1,1,0,1,1,1,1,1
t644736410,1,1,1,1,1,1,1,1,1,1,0,1,1,1,1,1
t637000249,1,1,1,1,1,1,1,1,1,1,0,1,1,1,1,1
t642555119,1,1,1,1,1,1,1,1,1,1,0,1,1,1,1,1
t648028038,0,0,1,1,1,1,1,1,1,0,1,1,1,1,1,1
t640427119,0,0,1,1,1,1,1,1,1,0,1,1,1,1,1,1
t2511231146,0,0,1,1,1,1,1,1,1,0,1,1,1,1,1,1
t643348532,0,0,1,1,1,0,1,1,1,0,1,1,1,1,1,1
t650716037,0,0,1,1,1,0,1,1,1,1,0,1,1,1,1,1
t641522628,0,0,1,1,1,0,1,1,1,1,0,1,1,1,1,1
t651053025,0,0,1,1,1,0,1,1,1,1,0,1,1,1,1,1
t2512564035,0,0,1,1,1,0,1,1,1,0,0,1,1,1,1,1
t641522629,0,0,1,1,1,0,1,1,1,0,0,1,1,1,1,1
t646564556,0,0,1,1,1,0,1,1,1,1,0,1,1,1,1,1
t637000194,1,0,1,1,1,0,1,1,1,1,0,1,1,1,1,1
t648028046,1,0,1,1,1,0,1,1,1,1,0,1,1,1,1,1
t639633026,0,0,1,1,1,0,0,1,1,1,0,1,1,1,1,1
t637000005,0,0,1,1,1,0,1,1,1,1,0,1,1,1,1,1
t637000166,1,1,1,1,1,0,1,1,1,1,0,1,1,1,1,1
t2509601034,0,0,1,1,1,0,1,1,1,1,0,1,1,1,1,1
t2506520041,0,0,1,1,1,0,1,1,1,1,0,1,1,1,1,1
t2512047037,1,0,1,1,1,0,1,1,1,1,0,1,1,1,1,1
t2511231060,0,0,1,1,1,0,1,1,1,1,1,1,1,1,1,1
t2511231136,0,0,1,1,1,0,1,1,1,1,0,1,1,1,1,1
t637000344,0,0,1,1,1,0,1,1,1,1,0,1,1,1,1,1
t637000342,0,0,1,1,1,0,1,1,1,1,1,1,1,1,1,1
t637000346,0,0,1,1,1,0,1,1,1,1,1,1,1,1,1,1
t649633087,0,0,1,1,1,0,1,1,1,1,0,1,1,1,1,1
t642555162,0,0,1,1,1,0,1,1,1,1,1,1,1,1,1,1
t637000348,0,0,1,1,1,0,1,1,1,0,1,1,1,1,1,1
t2506783059,0,0,1,1,1,0,1,1,1,1,0,1,1,1,1,1
t2510065050,1,1,1,1,1,0,1,1,1,1,1,1,1,1,1,1
t2508501051,1,1,1,1,1,0,1,1,1,1,1,1,1,1,1,1
t646564502,1,1,1,1,1,0,1,1,1,1,0,1,1,1,1,1
t643348585,0,0,1,1,1,1,1,1,1,1,0,1,1,1,1,1
t646564584,0,0,1,1,1,1,1,1,1,1,0,1,1,1,1,1
t2512875033,1,0,1,1,1,1,1,1,1,1,0,1,1,1,1,1
t640427112,1,1,1,1,1,1,1,1,1,0,1,1,1,1,1,1
t637000074,0,0,1,1,1,1,1,1,1,1,0,1,1,1,1,1
t2511231094,0,0,1,1,1,1,1,1,1,1,0,1,1,1,1,1
t643692026,0,0,1,1,1,1,1,1,1,1,0,1,1,1,1,1
t649633075,0,0,1,1,1,0,1,1,1,0,1,1,1,1,1,1
t637000188,0,0,1,1,1,0,1,1,1,0,1,1,1,1,1,1
t646862337,0,0,1,1,1,0,1,1,1,0,1,1,1,1,1,1
t644736333,0,0,1,1,1,1,1,1,1,1,0,1,1,1,1,1
t2508501046,0,0,1,1,1,1,1,1,1,1,0,1,1,1,1,1
t637000088,0,0,1,1,1,1,1,1,1,1,0,1,1,1,1,1
t637000012,0,0,1,1,1,1,1,1,1,1,0,1,1,1,1,1
t643692051,0,0,1,1,1,1,1,1,1,1,0,1,1,1,1,1
t639633007,0,0,1,1,1,1,1,1,1,1,0,1,1,1,1,1
t646564585,0,0,1,1,1,1,1,1,1,1,0,1,1,1,1,1
t640069319,0,0,1,1,1,1,1,1,1,1,0,1,1,1,1,1
t641522635,0,0,1,1,1,1,1,1,1,1,0,1,1,1,1,1
t637000235,0,0,1,1,1,1,1,1,1,1,0,1,1,1,1,1
t637000208,0,0,1,1,1,1,1,1,1,1,0,1,1,1,1,1
t639633051,0,0,1,1,1,1,1,1,1,1,0,1,1,1,1,1
t639633065,0,0,1,1,1,1,1,1,1,1,0,1,1,1,1,1
t650716004,0,0,1,1,1,1,1,1,1,1,0,1,1,1,1,1
t639633002,0,0,1,1,1,1,1,1,1,1,0,1,1,1,1,1
t639633003,0,0,1,1,1,1,1,1,1,1,0,1,1,1,1,1
t649633004,0,0,1,1,1,1,1,1,1,0,0,1,1,1,1,1
t641228489,0,0,1,1,1,1,1,1,1,1,1,1,1,1,1,1
t644736413,0,0,1,1,1,1,1,1,1,1,0,1,1,1,1,1
t649633106,0,0,1,1,1,1,1,1,1,1,0,1,1,1,1,1
t650716081,0,0,1,1,1,1,1,1,1,1,0,1,1,1,1,1
t640753030,0,0,1,1,1,0,1,1,1,0,1,1,1,1,1,1
t640069313,0,0,1,1,1,0,1,1,1,0,1,1,1,1,1,1
t648028033,0,0,1,1,1,1,1,1,1,1,0,1,1,1,1,1
t650716028,0,0,1,1,1,1,1,1,1,1,1,1,1,1,1,1
t640427129,0,0,1,1,1,0,1,1,1,1,0,1,1,1,1,1
t2503982034,0,0,1,1,1,0,1,1,1,0,0,1,1,1,1,1
t637000230,0,0,1,1,1,1,1,1,1,1,1,1,1,1,1,1
t650716031,0,0,1,1,1,1,1,1,1,1,1,1,1,1,1,1
t637000229,0,0,1,1,1,1,1,1,1,1,0,1,1,1,1,1
t644736400,0,0,1,1,1,1,1,1,1,1,0,1,1,1,1,1
t637000231,0,0,1,1,1,1,1,1,1,1,0,1,1,1,1,1
t651053062,0,0,1,0,1,1,1,1,1,1,0,1,1,1,1,1
t650716014,0,0,1,1,1,1,1,1,1,1,0,1,1,1,1,1
t642555112,0,0,1,1,1,1,1,1,1,1,0,1,1,1,1,1
t646564515,0,0,1,1,1,1,1,1,1,1,0,1,1,1,1,1
t649633021,0,0,1,1,1,1,1,1,1,1,0,1,1,1,1,1
t648028011,0,0,1,1,1,1,1,1,1,1,0,1,1,1,1,1
t637000053,0,0,1,1,1,1,1,1,1,1,0,1,1,1,1,1
t2511231144,0,0,1,1,1,1,1,1,1,1,0,1,1,1,1,1
t642555113,0,0,1,1,1,1,1,1,1,1,0,1,1,1,1,1
t643692013,0,0,1,1,1,1,1,1,1,1,0,1,1,1,1,1
t650716013,0,0,1,1,1,1,1,1,1,1,0,1,1,1,1,1
t641228482,0,0,1,1,1,1,1,1,1,1,0,1,1,1,1,1
t640069307,0,0,1,1,1,1,1,1,1,1,0,1,1,1,1,1
t641522609,0,0,1,1,1,1,1,1,1,1,0,1,1,1,1,1
t643348523,0,0,1,1,1,1,1,1,1,1,0,1,1,1,1,1
t637000051,0,0,1,1,1,1,1,1,1,1,1,1,1,1,1,1
t641522608,0,0,1,1,1,1,1,1,1,1,0,1,1,1,1,1
t637000052,0,0,1,1,1,1,1,1,1,1,0,1,1,1,1,1
t640069303,0,0,1,1,1,1,1,1,1,1,0,1,1,1,1,1
t640069305,0,0,1,1,1,1,1,1,1,1,0,1,1,1,1,1
t2511231192,0,0,0,0,0,0,0,0,0,0,0,0,0,0,1,0
t650716078,0,0,1,1,1,1,1,1,1,0,1,1,1,1,1,1
t641522607,0,0,1,1,1,1,1,1,1,0,1,1,1,1,1,1
t649633001,0,0,1,1,1,1,1,1,1,0,1,1,1,1,1,1
t637000032,0,0,1,1,1,1,1,1,1,0,1,1,1,1,1,1
t2511231127,0,0,1,1,1,0,1,1,1,0,1,1,1,1,1,1
t649633099,0,0,1,1,1,0,1,1,1,0,1,1,1,1,1,1
t637000324,0,0,1,1,1,1,1,1,1,1,0,1,1,1,1,1
t646564551,0,0,1,1,1,0,1,1,1,1,0,1,1,1,1,1
t644736388,0,0,1,1,1,0,1,1,1,1,0,1,1,1,1,1
t649633068,0,0,1,1,1,1,1,1,1,1,0,1,1,1,1,1
t637000165,0,0,1,1,1,1,1,1,1,1,0,1,1,1,1,1
t646564569,0,0,1,1,1,1,1,1,1,1,0,1,1,1,1,1
t648028028,0,0,1,1,1,0,1,1,1,1,0,1,1,1,1,1
t637000197,0,0,1,1,1,1,1,1,1,1,0,1,1,1,1,1
t650716066,0,0,1,1,1,0,1,1,1,1,0,1,1,1,1,1
t650716067,0,0,1,1,1,0,1,1,1,1,0,1,1,1,1,1
t637000195,0,0,1,1,1,0,1,1,1,0,1,1,1,1,1,1
t637000196,0,0,1,1,1,0,1,1,1,0,1,1,1,1,1,1
t639633036,0,0,1,1,1,1,1,1,1,1,0,1,1,0,1,1
t637000058,0,0,1,1,1,0,1,1,0,0,0,1,1,0,1,1
t642555145,0,0,1,1,1,0,0,0,0,0,0,1,1,1,1,1
t640753044,0,0,1,1,1,0,0,1,1,0,1,1,1,1,1,1
t640753045,0,0,1,1,1,0,0,1,1,0,1,1,1,1,1,1
t646862338,0,0,1,1,1,0,0,1,1,0,1,1,1,1,1,1
t637000246,0,0,1,1,1,0,0,1,1,0,1,1,1,1,1,1
t2512564077,0,0,1,1,1,0,0,1,1,0,1,1,1,1,1,1
t2512564059,0,0,1,1,1,0,0,1,1,0,1,1,1,1,1,1
t2512564047,0,0,1,1,1,0,0,1,1,0,1,1,1,1,1,1
t2512564067,0,0,1,1,1,0,0,1,1,0,1,1,1,1,1,1
t2512564031,0,0,1,1,1,0,0,1,1,0,1,1,1,1,1,1
t2512564075,0,0,1,1,1,0,0,1,1,0,1,1,1,1,1,1
t637000244,0,0,1,1,1,0,0,1,1,0,1,1,1,1,1,1
t640753043,0,0,1,1,1,0,0,1,1,0,1,1,1,1,1,1
t641522647,0,0,1,1,1,0,0,1,1,0,1,1,1,1,1,1
t650716015,0,0,1,1,1,0,0,1,1,0,0,1,1,1,1,1
t637000191,0,0,1,1,1,0,0,1,0,0,0,1,0,1,1,1
t644736395,0,0,1,1,1,0,0,1,0,0,0,1,0,1,1,1
t637000340,0,0,1,1,1,0,0,1,0,0,0,1,1,1,1,1
t637000339,0,0,1,1,1,0,0,1,0,0,0,1,1,1,1,1
t643692055,0,0,1,1,1,0,0,1,0,0,0,1,1,1,1,1
t637000009,0,0,1,1,1,0,0,1,0,0,0,1,1,1,1,1
t646311905,0,0,1,1,1,0,0,1,0,0,0,1,1,1,1,1
t637000008,0,0,1,1,1,0,0,1,0,0,0,1,1,1,1,1
t637000097,0,0,1,1,1,0,0,1,0,0,0,1,1,1,1,1
t637000098,0,0,1,1,1,0,0,1,0,0,0,1,1,1,1,1
t639279309,0,0,1,1,1,0,0,1,0,0,0,1,1,1,1,1
t2511231055,0,0,1,1,1,0,1,1,1,1,0,1,1,1,1,1
t646564570,0,0,1,1,1,0,1,1,1,1,0,1,1,1,1,1
t637000103,0,0,1,1,1,0,1,1,1,1,0,1,1,1,1,1
t650716068,0,0,1,1,1,0,1,1,1,1,0,1,1,1,1,1
t640427126,0,0,1,1,1,0,1,1,1,1,0,1,1,1,1,1
t637000271,0,0,1,1,1,0,1,1,1,1,0,1,1,1,1,1
t650716107,0,0,1,1,1,0,1,1,1,1,1,1,1,1,1,1
t637000356,0,0,1,1,1,0,1,1,1,0,1,1,1,1,1,1
t640427144,0,0,1,1,1,0,1,1,1,1,0,1,1,1,1,1
t646564516,0,0,1,1,1,1,1,1,1,1,0,1,1,1,1,1
t2511231069,0,0,1,1,1,1,1,1,0,0,0,1,1,1,1,1
t643348571,0,0,1,1,1,0,1,1,0,0,0,1,1,1,1,1
t646311907,0,0,1,1,1,0,1,1,1,1,0,1,1,1,1,1
t2511231222,0,0,1,1,1,0,1,1,1,1,0,1,0,1,1,1
t2511231221,0,0,1,1,1,0,1,1,1,1,0,1,1,1,1,1
t637000155,0,0,1,1,1,0,0,1,1,1,0,1,1,1,1,1
t2511231162,0,0,1,1,1,0,0,1,1,1,0,1,1,1,1,1
t637000241,0,0,1,1,1,0,1,1,1,1,0,1,1,1,1,1
t637000122,0,0,1,1,1,0,0,1,1,1,0,1,1,1,1,1
t641228493,0,0,1,1,1,0,0,1,1,1,0,1,1,1,1,1
t646862307,0,0,1,1,1,0,0,1,1,1,0,1,1,1,1,1
t640427101,0,0,1,1,1,0,0,1,1,1,0,1,1,1,1,1
t637000123,0,0,0,1,1,0,0,1,1,1,0,1,1,1,1,1
t648028050,0,0,1,1,1,1,0,1,1,1,0,1,1,1,1,1
t637000135,0,0,1,1,1,1,0,1,1,1,0,1,1,1,1,1
t644736375,0,0,1,1,1,1,1,0,0,0,0,1,1,1,1,1
t637000157,0,0,1,1,1,1,1,1,1,1,0,1,1,1,1,1
t642555147,0,0,1,1,1,1,1,1,1,1,0,1,1,0,1,1
t641522612,0,0,1,1,1,1,1,1,1,1,0,1,1,1,1,1
t646564519,0,0,1,1,1,1,1,1,1,1,0,1,1,1,1,1
t637000061,0,0,1,1,1,1,1,1,1,1,0,1,1,1,1,1
t649633007,0,0,1,1,1,1,1,1,1,1,0,1,1,1,1,1
t648028010,0,0,1,1,1,1,1,1,1,1,0,1,1,1,1,1
t640427138,0,0,1,1,1,0,0,1,1,1,0,1,1,1,1,1
t640069328,0,0,1,1,1,0,0,1,1,1,0,1,1,1,1,1
t639633048,0,0,1,1,1,0,0,1,1,1,0,1,1,1,1,1
t646564563,0,0,1,1,1,0,0,1,1,1,0,1,1,1,1,1
t649633059,0,0,1,1,1,0,0,1,1,1,0,1,1,1,1,1
t2511231188,0,0,1,1,1,0,0,1,1,1,0,1,1,1,1,1
t637000137,0,0,1,1,1,0,1,1,1,1,0,1,1,1,1,1
t637000267,0,0,1,1,1,0,0,1,1,1,0,1,1,1,1,1
t641380432,0,0,1,1,1,0,0,1,1,1,0,1,1,1,1,1
t2512564009,0,0,1,1,1,0,0,1,1,1,0,1,1,1,1,1
t637000268,0,0,1,1,1,0,0,1,1,1,0,1,1,1,1,1
t639633056,0,0,1,1,1,0,0,1,1,1,0,1,1,1,1,1
t640753040,0,0,1,1,1,0,1,1,1,1,0,1,1,1,1,1
t649633090,0,0,1,1,1,0,1,1,1,1,0,1,1,1,1,1
t2506783045,0,0,1,1,1,0,1,1,1,1,0,1,1,1,1,1
t648028034,0,0,1,1,1,0,1,1,1,1,0,1,1,1,1,1
t650716042,0,0,1,1,1,0,1,1,1,1,0,1,1,1,1,1
t2511231054,0,0,1,1,1,0,1,1,1,1,0,1,1,1,1,1
t2512047034,0,0,1,1,1,0,1,1,1,1,0,1,1,1,1,1
t637000160,0,0,1,1,1,0,1,1,1,1,0,1,1,1,1,1
t637000159,0,0,1,1,1,0,1,1,1,1,0,1,1,1,1,1
t2503198000,0,0,1,1,1,0,1,1,1,1,0,1,1,1,1,1
t2509276022,0,0,1,1,1,0,1,1,1,1,0,1,1,1,1,1
t649633066,0,0,1,1,1,0,1,1,1,1,0,1,1,1,1,1
t637000027,0,0,1,1,1,0,1,1,0,0,0,1,1,1,1,1
t637000028,0,0,1,1,1,0,1,0,0,0,0,1,1,1,1,1
t641228478,0,0,1,1,1,0,1,1,0,0,0,1,1,1,1,1
t644736328,0,0,1,1,1,0,1,1,0,0,0,1,1,1,1,1
t649633014,0,0,1,1,1,0,1,1,0,0,0,1,1,1,1,1
t639633009,0,0,1,1,1,0,1,1,0,0,0,1,1,1,1,1
t640753038,0,0,1,1,1,0,1,1,1,1,0,1,1,1,1,1
t2511231108,0,0,1,1,1,0,1,1,1,1,0,1,1,1,1,1
t637000039,0,0,1,1,1,0,1,1,1,1,0,1,1,1,1,1
t643692032,0,0,1,1,1,0,1,1,1,1,0,1,1,1,1,1
t640753051,0,0,1,1,1,0,1,1,1,1,0,1,1,1,1,1
t648276728,0,0,1,1,1,0,1,1,1,1,0,1,1,1,1,1
t643348505,0,0,1,1,1,0,1,1,1,1,0,1,1,1,1,1
t650716007,0,0,1,1,1,0,1,1,1,1,0,1,1,1,1,1
t639279302,0,0,1,1,1,0,1,1,1,1,0,1,1,1,1,1
t643348569,0,0,1,1,1,0,1,1,1,1,0,1,1,1,1,1
t642555152,0,0,1,1,1,0,1,1,1,1,0,1,1,1,1,1
t640427137,0,0,1,1,1,0,1,1,1,1,0,1,1,1,1,1
t644736401,0,0,1,1,1,0,1,1,1,1,0,1,1,1,1,1
t2510065076,0,0,1,1,1,0,1,1,1,1,0,1,1,1,1,1
t2510065019,0,0,1,1,1,0,1,1,1,1,0,1,1,1,1,1
t639633055,0,0,1,1,1,0,1,1,1,1,0,1,1,1,1,1
t643348504,0,0,1,1,1,0,1,1,1,1,0,1,1,1,1,1
t649633029,0,0,1,1,1,0,0,1,1,0,0,1,1,1,1,1
t644736336,0,0,1,1,1,0,0,1,1,0,0,1,1,1,1,1
t641522639,0,0,1,1,1,0,1,1,1,0,0,1,1,1,1,1
t643348564,0,0,1,1,1,0,1,1,1,1,0,1,1,1,1,1
t641522638,0,0,1,1,1,0,1,1,1,1,0,1,1,1,1,1
t642555139,0,0,1,1,1,0,1,1,1,1,0,1,1,1,1,1
t643348563,0,0,1,1,1,0,1,1,1,1,0,1,1,1,1,1
t641522606,0,0,1,1,1,0,1,1,1,1,0,1,1,1,1,1
t643348565,0,0,1,1,1,0,1,1,1,1,0,1,1,1,1,1
t648028054,0,0,1,1,1,0,1,1,1,1,0,1,1,1,1,1
t640753059,0,0,1,1,1,0,1,1,1,1,0,1,1,1,1,1
t641228476,0,0,1,1,1,0,1,1,1,1,0,1,1,1,1,1
t651053055,0,0,1,1,1,0,1,1,1,0,1,1,1,1,1,1
t637000192,0,0,1,1,1,0,1,1,1,0,1,1,1,1,1,1
t637000193,0,0,1,1,1,0,1,1,1,0,1,1,1,1,1,1
t637000239,0,0,1,1,1,0,1,1,1,1,1,1,1,1,1,1
t649633091,0,0,1,1,1,0,1,1,1,1,0,1,1,1,1,1
t637000238,0,0,1,1,1,0,1,1,1,1,0,1,1,1,1,1
t637000240,0,0,1,1,1,0,1,1,1,1,0,1,1,1,1,1
t639279312,0,0,1,1,1,0,1,1,1,1,1,1,1,1,1,1
t637000237,0,0,1,1,1,0,1,1,1,1,1,1,1,1,1,1
t640427103,0,0,1,1,1,0,1,1,1,1,0,1,1,1,1,1
t640427104,0,0,1,1,1,0,1,1,1,1,0,1,1,1,1,1
t637000038,0,0,1,1,1,0,1,1,1,1,0,1,1,1,1,1
t2511231207,0,0,1,1,1,0,1,1,1,1,0,1,1,1,1,1
